[
  {
    "action": "enter_elevator",
    "timestamp": 0.0,
    "robot": "robot1",
    "elevator": "elevator1",
    "location": "robot_room",
    "floor": "floor0"
  },
  {
    "action": "exit_elevator",
    "timestamp": 1.0,
    "robot": "robot1",
    "elevator": "elevator1",
    "location": "storage",
    "floor": "floor0"
  },
  {
    "action": "load_med",
    "timestamp": 2.0,
    "robot": "robot1",
    "medicine": "MED1_4",
    "from": "storage",
    "floor": "floor1"
  },
  {
    "action": "load_med",
    "timestamp": 3.0,
    "robot": "robot1",
    "medicine": "MED1_2",
    "from": "storage",
    "floor": "floor1"
  },
  {
    "action": "load_med",
    "timestamp": 4.0,
    "robot": "robot1",
    "medicine": "MED1_1",
    "from": "storage",
    "floor": "floor1"
  },
  {
    "action": "load_med",
    "timestamp": 5.0,
    "robot": "robot1",
    "medicine": "MED1_3",
    "from": "storage",
    "floor": "floor1"
  },
  {
    "action": "enter_elevator",
    "timestamp": 6.0,
    "robot": "robot1",
    "elevator": "elevator1",
    "location": "storage",
    "floor": "floor0"
  },
  {
    "action": "enter_elevator",
    "timestamp": 7.0,
    "robot": "robot2",
    "elevator": "elevator1",
    "location": "robot_room",
    "floor": "floor0"
  },
  {
    "action": "exit_elevator",
    "timestamp": 8.0,
    "robot": "robot2",
    "elevator": "elevator1",
    "location": "storage",
    "floor": "floor0"
  },
  {
    "action": "move_elevator",
    "timestamp": 8.0,
    "elevator": "elevator1",
    "from": "floor0",
    "to": "floor1"
  },
  {
    "action": "load_med",
    "timestamp": 9.0,
    "robot": "robot2",
    "medicine": "MED2_3",
    "from": "storage",
    "floor": "floor2"
  },
  {
    "action": "load_med",
    "timestamp": 10.0,
    "robot": "robot2",
    "medicine": "MED2_2",
    "from": "storage",
    "floor": "floor2"
  },
  {
    "action": "load_med",
    "timestamp": 11.0,
    "robot": "robot2",
    "medicine": "MED2_1",
    "from": "storage",
    "floor": "floor2"
  },
  {
    "action": "load_med",
    "timestamp": 12.0,
    "robot": "robot2",
    "medicine": "MED2_4",
    "from": "storage",
    "floor": "floor2"
  },
  {
    "action": "exit_elevator",
    "timestamp": 18.0,
    "robot": "robot1",
    "elevator": "elevator1",
    "location": "room1_4",
    "floor": "floor1"
  },
  {
    "action": "deliver_med",
    "timestamp": 19.0,
    "robot": "robot1",
    "medicine": "MED1_4",
    "patient": "PATIENT1_4",
    "to": "room1_4",
    "floor": "floor1"
  },
  {
    "action": "enter_elevator",
    "timestamp": 20.0,
    "robot": "robot1",
    "elevator": "elevator1",
    "location": "room1_4",
    "floor": "floor1"
  },
  {
    "action": "exit_elevator",
    "timestamp": 21.0,
    "robot": "robot1",
    "elevator": "elevator1",
    "location": "room1_2",
    "floor": "floor1"
  },
  {
    "action": "deliver_med",
    "timestamp": 22.0,
    "robot": "robot1",
    "medicine": "MED1_2",
    "patient": "PATIENT1_2",
    "to": "room1_2",
    "floor": "floor1"
  },
  {
    "action": "enter_elevator",
    "timestamp": 23.0,
    "robot": "robot1",
    "elevator": "elevator1",
    "location": "room1_2",
    "floor": "floor1"
  },
  {
    "action": "exit_elevator",
    "timestamp": 24.0,
    "robot": "robot1",
    "elevator": "elevator1",
    "location": "room1_1",
    "floor": "floor1"
  },
  {
    "action": "deliver_med",
    "timestamp": 25.0,
    "robot": "robot1",
    "medicine": "MED1_1",
    "patient": "PATIENT1_1",
    "to": "room1_1",
    "floor": "floor1"
  },
  {
    "action": "enter_elevator",
    "timestamp": 26.0,
    "robot": "robot1",
    "elevator": "elevator1",
    "location": "room1_1",
    "floor": "floor1"
  },
  {
    "action": "exit_elevator",
    "timestamp": 27.0,
    "robot": "robot1",
    "elevator": "elevator1",
    "location": "room1_3",
    "floor": "floor1"
  },
  {
    "action": "deliver_med",
    "timestamp": 28.0,
    "robot": "robot1",
    "medicine": "MED1_3",
    "patient": "PATIENT1_3",
    "to": "room1_3",
    "floor": "floor1"
  },
  {
    "action": "enter_elevator",
    "timestamp": 29.0,
    "robot": "robot1",
    "elevator": "elevator1",
    "location": "room1_3",
    "floor": "floor1"
  },
  {
    "action": "move_elevator",
    "timestamp": 29.0,
    "elevator": "elevator1",
    "from": "floor1",
    "to": "floor0"
  },
  {
    "action": "exit_elevator",
    "timestamp": 39.0,
    "robot": "robot1",
    "elevator": "elevator1",
    "location": "robot_room",
    "floor": "floor0"
  },
  {
    "action": "enter_elevator",
    "timestamp": 40.0,
    "robot": "robot2",
    "elevator": "elevator1",
    "location": "storage",
    "floor": "floor0"
  },
  {
    "action": "enter_elevator",
    "timestamp": 41.0,
    "robot": "robot3",
    "elevator": "elevator1",
    "location": "robot_room",
    "floor": "floor0"
  },
  {
    "action": "exit_elevator",
    "timestamp": 42.0,
    "robot": "robot3",
    "elevator": "elevator1",
    "location": "storage",
    "floor": "floor0"
  },
  {
    "action": "move_elevator",
    "timestamp": 42.0,
    "elevator": "elevator1",
    "from": "floor0",
    "to": "floor1"
  },
  {
    "action": "load_med",
    "timestamp": 43.0,
    "robot": "robot3",
    "medicine": "MED3_1",
    "from": "storage",
    "floor": "floor3"
  },
  {
    "action": "load_med",
    "timestamp": 44.0,
    "robot": "robot3",
    "medicine": "MED3_2",
    "from": "storage",
    "floor": "floor3"
  },
  {
    "action": "load_med",
    "timestamp": 45.0,
    "robot": "robot3",
    "medicine": "MED3_4",
    "from": "storage",
    "floor": "floor3"
  },
  {
    "action": "load_med",
    "timestamp": 46.0,
    "robot": "robot3",
    "medicine": "MED3_3",
    "from": "storage",
    "floor": "floor3"
  },
  {
    "action": "move_elevator",
    "timestamp": 52.0,
    "elevator": "elevator1",
    "from": "floor1",
    "to": "floor2"
  },
  {
    "action": "exit_elevator",
    "timestamp": 62.0,
    "robot": "robot2",
    "elevator": "elevator1",
    "location": "room2_2",
    "floor": "floor2"
  },
  {
    "action": "enter_elevator",
    "timestamp": 63.0,
    "robot": "robot2",
    "elevator": "elevator1",
    "location": "room2_2",
    "floor": "floor2"
  },
  {
    "action": "exit_elevator",
    "timestamp": 64.0,
    "robot": "robot2",
    "elevator": "elevator1",
    "location": "room2_2",
    "floor": "floor2"
  },
  {
    "action": "move_elevator",
    "timestamp": 64.0,
    "elevator": "elevator1",
    "from": "floor2",
    "to": "floor1"
  },
  {
    "action": "move_elevator",
    "timestamp": 74.0,
    "elevator": "elevator1",
    "from": "floor1",
    "to": "floor2"
  },
  {
    "action": "enter_elevator",
    "timestamp": 84.0,
    "robot": "robot2",
    "elevator": "elevator1",
    "location": "room2_2",
    "floor": "floor2"
  },
  {
    "action": "exit_elevator",
    "timestamp": 85.0,
    "robot": "robot2",
    "elevator": "elevator1",
    "location": "room2_1",
    "floor": "floor2"
  },
  {
    "action": "enter_elevator",
    "timestamp": 86.0,
    "robot": "robot2",
    "elevator": "elevator1",
    "location": "room2_1",
    "floor": "floor2"
  },
  {
    "action": "exit_elevator",
    "timestamp": 87.0,
    "robot": "robot2",
    "elevator": "elevator1",
    "location": "room2_3",
    "floor": "floor2"
  },
  {
    "action": "deliver_med",
    "timestamp": 88.0,
    "robot": "robot2",
    "medicine": "MED2_3",
    "patient": "PATIENT2_3",
    "to": "room2_3",
    "floor": "floor2"
  },
  {
    "action": "enter_elevator",
    "timestamp": 89.0,
    "robot": "robot2",
    "elevator": "elevator1",
    "location": "room2_3",
    "floor": "floor2"
  },
  {
    "action": "exit_elevator",
    "timestamp": 90.0,
    "robot": "robot2",
    "elevator": "elevator1",
    "location": "room2_2",
    "floor": "floor2"
  },
  {
    "action": "deliver_med",
    "timestamp": 91.0,
    "robot": "robot2",
    "medicine": "MED2_2",
    "patient": "PATIENT2_2",
    "to": "room2_2",
    "floor": "floor2"
  },
  {
    "action": "enter_elevator",
    "timestamp": 92.0,
    "robot": "robot2",
    "elevator": "elevator1",
    "location": "room2_2",
    "floor": "floor2"
  },
  {
    "action": "exit_elevator",
    "timestamp": 93.0,
    "robot": "robot2",
    "elevator": "elevator1",
    "location": "room2_4",
    "floor": "floor2"
  },
  {
    "action": "deliver_med",
    "timestamp": 94.0,
    "robot": "robot2",
    "medicine": "MED2_4",
    "patient": "PATIENT2_4",
    "to": "room2_4",
    "floor": "floor2"
  },
  {
    "action": "enter_elevator",
    "timestamp": 95.0,
    "robot": "robot2",
    "elevator": "elevator1",
    "location": "room2_4",
    "floor": "floor2"
  },
  {
    "action": "exit_elevator",
    "timestamp": 96.0,
    "robot": "robot2",
    "elevator": "elevator1",
    "location": "room2_1",
    "floor": "floor2"
  },
  {
    "action": "deliver_med",
    "timestamp": 97.0,
    "robot": "robot2",
    "medicine": "MED2_1",
    "patient": "PATIENT2_1",
    "to": "room2_1",
    "floor": "floor2"
  },
  {
    "action": "enter_elevator",
    "timestamp": 98.0,
    "robot": "robot2",
    "elevator": "elevator1",
    "location": "room2_1",
    "floor": "floor2"
  },
  {
    "action": "move_elevator",
    "timestamp": 98.0,
    "elevator": "elevator1",
    "from": "floor2",
    "to": "floor1"
  },
  {
    "action": "move_elevator",
    "timestamp": 108.0,
    "elevator": "elevator1",
    "from": "floor1",
    "to": "floor0"
  },
  {
    "action": "move_elevator",
    "timestamp": 118.0,
    "elevator": "elevator1",
    "from": "floor0",
    "to": "floor1"
  },
  {
    "action": "move_elevator",
    "timestamp": 128.0,
    "elevator": "elevator1",
    "from": "floor1",
    "to": "floor0"
  },
  {
    "action": "move_elevator",
    "timestamp": 138.0,
    "elevator": "elevator1",
    "from": "floor0",
    "to": "floor1"
  },
  {
    "action": "move_elevator",
    "timestamp": 148.0,
    "elevator": "elevator1",
    "from": "floor1",
    "to": "floor0"
  },
  {
    "action": "exit_elevator",
    "timestamp": 158.0,
    "robot": "robot2",
    "elevator": "elevator1",
    "location": "storage",
    "floor": "floor0"
  },
  {
    "action": "move",
    "timestamp": 159.0,
    "robot": "robot2",
    "from": "storage",
    "to": "robot_room"
  },
  {
    "action": "enter_elevator",
    "timestamp": 159.0,
    "robot": "robot3",
    "elevator": "elevator1",
    "location": "storage",
    "floor": "floor0"
  },
  {
    "action": "enter_elevator",
    "timestamp": 160.0,
    "robot": "robot4",
    "elevator": "elevator1",
    "location": "robot_room",
    "floor": "floor0"
  },
  {
    "action": "exit_elevator",
    "timestamp": 161.0,
    "robot": "robot4",
    "elevator": "elevator1",
    "location": "storage",
    "floor": "floor0"
  },
  {
    "action": "move_elevator",
    "timestamp": 161.0,
    "elevator": "elevator1",
    "from": "floor0",
    "to": "floor1"
  },
  {
    "action": "load_med",
    "timestamp": 162.0,
    "robot": "robot4",
    "medicine": "MED4_1",
    "from": "storage",
    "floor": "floor4"
  },
  {
    "action": "load_med",
    "timestamp": 163.0,
    "robot": "robot4",
    "medicine": "MED4_4",
    "from": "storage",
    "floor": "floor4"
  },
  {
    "action": "load_med",
    "timestamp": 164.0,
    "robot": "robot4",
    "medicine": "MED4_2",
    "from": "storage",
    "floor": "floor4"
  },
  {
    "action": "load_med",
    "timestamp": 165.0,
    "robot": "robot4",
    "medicine": "MED4_3",
    "from": "storage",
    "floor": "floor4"
  },
  {
    "action": "move_elevator",
    "timestamp": 171.0,
    "elevator": "elevator1",
    "from": "floor1",
    "to": "floor2"
  },
  {
    "action": "move_elevator",
    "timestamp": 181.0,
    "elevator": "elevator1",
    "from": "floor2",
    "to": "floor3"
  },
  {
    "action": "move_elevator",
    "timestamp": 191.0,
    "elevator": "elevator1",
    "from": "floor3",
    "to": "floor4"
  },
  {
    "action": "move_elevator",
    "timestamp": 201.0,
    "elevator": "elevator1",
    "from": "floor4",
    "to": "floor3"
  },
  {
    "action": "exit_elevator",
    "timestamp": 211.0,
    "robot": "robot3",
    "elevator": "elevator1",
    "location": "room3_1",
    "floor": "floor3"
  },
  {
    "action": "move_elevator",
    "timestamp": 211.0,
    "elevator": "elevator1",
    "from": "floor3",
    "to": "floor2"
  },
  {
    "action": "move_elevator",
    "timestamp": 221.0,
    "elevator": "elevator1",
    "from": "floor2",
    "to": "floor3"
  },
  {
    "action": "move_elevator",
    "timestamp": 231.0,
    "elevator": "elevator1",
    "from": "floor3",
    "to": "floor4"
  },
  {
    "action": "move_elevator",
    "timestamp": 241.0,
    "elevator": "elevator1",
    "from": "floor4",
    "to": "floor3"
  },
  {
    "action": "move_elevator",
    "timestamp": 251.0,
    "elevator": "elevator1",
    "from": "floor3",
    "to": "floor4"
  },
  {
    "action": "move_elevator",
    "timestamp": 261.0,
    "elevator": "elevator1",
    "from": "floor4",
    "to": "floor3"
  },
  {
    "action": "enter_elevator",
    "timestamp": 271.0,
    "robot": "robot3",
    "elevator": "elevator1",
    "location": "room3_1",
    "floor": "floor3"
  },
  {
    "action": "exit_elevator",
    "timestamp": 272.0,
    "robot": "robot3",
    "elevator": "elevator1",
    "location": "room3_1",
    "floor": "floor3"
  },
  {
    "action": "enter_elevator",
    "timestamp": 273.0,
    "robot": "robot3",
    "elevator": "elevator1",
    "location": "room3_1",
    "floor": "floor3"
  },
  {
    "action": "exit_elevator",
    "timestamp": 274.0,
    "robot": "robot3",
    "elevator": "elevator1",
    "location": "room3_1",
    "floor": "floor3"
  },
  {
    "action": "deliver_med",
    "timestamp": 275.0,
    "robot": "robot3",
    "medicine": "MED3_1",
    "patient": "PATIENT3_1",
    "to": "room3_1",
    "floor": "floor3"
  },
  {
    "action": "enter_elevator",
    "timestamp": 276.0,
    "robot": "robot3",
    "elevator": "elevator1",
    "location": "room3_1",
    "floor": "floor3"
  },
  {
    "action": "exit_elevator",
    "timestamp": 277.0,
    "robot": "robot3",
    "elevator": "elevator1",
    "location": "room3_2",
    "floor": "floor3"
  },
  {
    "action": "deliver_med",
    "timestamp": 278.0,
    "robot": "robot3",
    "medicine": "MED3_2",
    "patient": "PATIENT3_2",
    "to": "room3_2",
    "floor": "floor3"
  },
  {
    "action": "enter_elevator",
    "timestamp": 279.0,
    "robot": "robot3",
    "elevator": "elevator1",
    "location": "room3_2",
    "floor": "floor3"
  },
  {
    "action": "exit_elevator",
    "timestamp": 280.0,
    "robot": "robot3",
    "elevator": "elevator1",
    "location": "room3_4",
    "floor": "floor3"
  },
  {
    "action": "deliver_med",
    "timestamp": 281.0,
    "robot": "robot3",
    "medicine": "MED3_4",
    "patient": "PATIENT3_4",
    "to": "room3_4",
    "floor": "floor3"
  },
  {
    "action": "enter_elevator",
    "timestamp": 282.0,
    "robot": "robot3",
    "elevator": "elevator1",
    "location": "room3_4",
    "floor": "floor3"
  },
  {
    "action": "exit_elevator",
    "timestamp": 283.0,
    "robot": "robot3",
    "elevator": "elevator1",
    "location": "room3_3",
    "floor": "floor3"
  },
  {
    "action": "deliver_med",
    "timestamp": 284.0,
    "robot": "robot3",
    "medicine": "MED3_3",
    "patient": "PATIENT3_3",
    "to": "room3_3",
    "floor": "floor3"
  },
  {
    "action": "enter_elevator",
    "timestamp": 285.0,
    "robot": "robot3",
    "elevator": "elevator1",
    "location": "room3_3",
    "floor": "floor3"
  },
  {
    "action": "move_elevator",
    "timestamp": 285.0,
    "elevator": "elevator1",
    "from": "floor3",
    "to": "floor2"
  },
  {
    "action": "move_elevator",
    "timestamp": 295.0,
    "elevator": "elevator1",
    "from": "floor2",
    "to": "floor1"
  },
  {
    "action": "move_elevator",
    "timestamp": 305.0,
    "elevator": "elevator1",
    "from": "floor1",
    "to": "floor0"
  },
  {
    "action": "enter_elevator",
    "timestamp": 315.0,
    "robot": "robot4",
    "elevator": "elevator1",
    "location": "storage",
    "floor": "floor0"
  },
  {
    "action": "exit_elevator",
    "timestamp": 316.0,
    "robot": "robot3",
    "elevator": "elevator1",
    "location": "robot_room",
    "floor": "floor0"
  },
  {
    "action": "move_elevator",
    "timestamp": 316.0,
    "elevator": "elevator1",
    "from": "floor0",
    "to": "floor1"
  },
  {
    "action": "move_elevator",
    "timestamp": 326.0,
    "elevator": "elevator1",
    "from": "floor1",
    "to": "floor2"
  },
  {
    "action": "move_elevator",
    "timestamp": 336.0,
    "elevator": "elevator1",
    "from": "floor2",
    "to": "floor3"
  },
  {
    "action": "move_elevator",
    "timestamp": 346.0,
    "elevator": "elevator1",
    "from": "floor3",
    "to": "floor4"
  },
  {
    "action": "move_elevator",
    "timestamp": 356.0,
    "elevator": "elevator1",
    "from": "floor4",
    "to": "floor3"
  },
  {
    "action": "move_elevator",
    "timestamp": 366.0,
    "elevator": "elevator1",
    "from": "floor3",
    "to": "floor4"
  },
  {
    "action": "move_elevator",
    "timestamp": 376.0,
    "elevator": "elevator1",
    "from": "floor4",
    "to": "floor3"
  },
  {
    "action": "move_elevator",
    "timestamp": 386.0,
    "elevator": "elevator1",
    "from": "floor3",
    "to": "floor4"
  },
  {
    "action": "move_elevator",
    "timestamp": 396.0,
    "elevator": "elevator1",
    "from": "floor4",
    "to": "floor3"
  },
  {
    "action": "move_elevator",
    "timestamp": 406.0,
    "elevator": "elevator1",
    "from": "floor3",
    "to": "floor4"
  },
  {
    "action": "exit_elevator",
    "timestamp": 416.0,
    "robot": "robot4",
    "elevator": "elevator1",
    "location": "room4_2",
    "floor": "floor4"
  },
  {
    "action": "enter_elevator",
    "timestamp": 417.0,
    "robot": "robot4",
    "elevator": "elevator1",
    "location": "room4_2",
    "floor": "floor4"
  },
  {
    "action": "exit_elevator",
    "timestamp": 418.0,
    "robot": "robot4",
    "elevator": "elevator1",
    "location": "room4_2",
    "floor": "floor4"
  },
  {
    "action": "deliver_med",
    "timestamp": 419.0,
    "robot": "robot4",
    "medicine": "MED4_2",
    "patient": "PATIENT4_2",
    "to": "room4_2",
    "floor": "floor4"
  },
  {
    "action": "enter_elevator",
    "timestamp": 420.0,
    "robot": "robot4",
    "elevator": "elevator1",
    "location": "room4_2",
    "floor": "floor4"
  },
  {
    "action": "exit_elevator",
    "timestamp": 421.0,
    "robot": "robot4",
    "elevator": "elevator1",
    "location": "room4_1",
    "floor": "floor4"
  },
  {
    "action": "deliver_med",
    "timestamp": 422.0,
    "robot": "robot4",
    "medicine": "MED4_1",
    "patient": "PATIENT4_1",
    "to": "room4_1",
    "floor": "floor4"
  },
  {
    "action": "enter_elevator",
    "timestamp": 423.0,
    "robot": "robot4",
    "elevator": "elevator1",
    "location": "room4_1",
    "floor": "floor4"
  },
  {
    "action": "exit_elevator",
    "timestamp": 424.0,
    "robot": "robot4",
    "elevator": "elevator1",
    "location": "room4_4",
    "floor": "floor4"
  },
  {
    "action": "deliver_med",
    "timestamp": 425.0,
    "robot": "robot4",
    "medicine": "MED4_4",
    "patient": "PATIENT4_4",
    "to": "room4_4",
    "floor": "floor4"
  },
  {
    "action": "enter_elevator",
    "timestamp": 426.0,
    "robot": "robot4",
    "elevator": "elevator1",
    "location": "room4_4",
    "floor": "floor4"
  },
  {
    "action": "exit_elevator",
    "timestamp": 427.0,
    "robot": "robot4",
    "elevator": "elevator1",
    "location": "room4_3",
    "floor": "floor4"
  },
  {
    "action": "deliver_med",
    "timestamp": 428.0,
    "robot": "robot4",
    "medicine": "MED4_3",
    "patient": "PATIENT4_3",
    "to": "room4_3",
    "floor": "floor4"
  },
  {
    "action": "enter_elevator",
    "timestamp": 429.0,
    "robot": "robot4",
    "elevator": "elevator1",
    "location": "room4_3",
    "floor": "floor4"
  },
  {
    "action": "move_elevator",
    "timestamp": 429.0,
    "elevator": "elevator1",
    "from": "floor4",
    "to": "floor3"
  },
  {
    "action": "move_elevator",
    "timestamp": 439.0,
    "elevator": "elevator1",
    "from": "floor3",
    "to": "floor2"
  },
  {
    "action": "move_elevator",
    "timestamp": 449.0,
    "elevator": "elevator1",
    "from": "floor2",
    "to": "floor1"
  },
  {
    "action": "move_elevator",
    "timestamp": 459.0,
    "elevator": "elevator1",
    "from": "floor1",
    "to": "floor0"
  },
  {
    "action": "move_elevator",
    "timestamp": 469.0,
    "elevator": "elevator1",
    "from": "floor0",
    "to": "floor1"
  },
  {
    "action": "move_elevator",
    "timestamp": 479.0,
    "elevator": "elevator1",
    "from": "floor1",
    "to": "floor0"
  },
  {
    "action": "move_elevator",
    "timestamp": 489.0,
    "elevator": "elevator1",
    "from": "floor0",
    "to": "floor1"
  },
  {
    "action": "move_elevator",
    "timestamp": 499.0,
    "elevator": "elevator1",
    "from": "floor1",
    "to": "floor0"
  },
  {
    "action": "move_elevator",
    "timestamp": 509.0,
    "elevator": "elevator1",
    "from": "floor0",
    "to": "floor1"
  },
  {
    "action": "move_elevator",
    "timestamp": 519.0,
    "elevator": "elevator1",
    "from": "floor1",
    "to": "floor0"
  },
  {
    "action": "move_elevator",
    "timestamp": 529.0,
    "elevator": "elevator1",
    "from": "floor0",
    "to": "floor1"
  },
  {
    "action": "move_elevator",
    "timestamp": 539.0,
    "elevator": "elevator1",
    "from": "floor1",
    "to": "floor0"
  },
  {
    "action": "exit_elevator",
    "timestamp": 549.0,
    "robot": "robot4",
    "elevator": "elevator1",
    "location": "robot_room",
    "floor": "floor0"
  }
]